{
"作者":"张弘",
"站名":"子子影视",
"主页url":"https://www.ziziys.com/",
"数组":"<div class=\"module-item\">&&</div>",
"副标题":"<div class=\"module-item-text\">&&</div>",
"搜索url":"/vsearch/{wd}--{pg}.html",
"搜索模式":"0",
"搜索后缀":"/vdetail/",
"线路数组":"data-dropdown-value=&&</div>",
"线路标题":"<span>&&</small>[替换:</span><small>>>♡]+集♡",
"播放数组":"<div class=\"sort-item\"&&</div>",
"影片类型":"<div class=\"tag-link\">&&立即播放",
"导演":"导演：&&</div>",
"主演":"主演：&&</div>",
"简介":"<div class=\"video-info-item video-info-content vod_content\">&&</span>",
"播放列表":"<a&&</a>",
"播放标题":"<span>&&</span>",
"播放链接":"href=\"&&\"",
"免嗅":"1",
"分类url":"https://www.ziziys.com/list/{cateId}-{catePg}.html",
"分类":"电影$1#国产剧$13#美剧$14#日韩剧$15#泰剧$16#国漫$20#日漫$21#欧美动漫$22",
"筛选":{
"1":[
{
"key":"cateId",
"name":"类型",
"value":[
{"n":"全部","v":""},
{"n":"动漫片","v":"23"},
{"n":"恐怖片","v":"24"},
{"n":"历史传记","v":"25"},
{"n":"战争片","v":"26"},
{"n":"情色片","v":"27"},
{"n":"武侠古装","v":"28"},
{"n":"记录片","v":"29"},
{"n":"灾难片","v":"30"},
{"n":"音乐歌舞","v":"31"},
{"n":"运动片","v":"32"},
{"n":"科幻片","v":"33"},
{"n":"动作片","v":"6"},
{"n":"剧情片","v":"7"},
{"n":"喜剧片","v":"8"},
{"n":"爱情片","v":"9"},
{"n":"惊悚片","v":"10"},
{"n":"奇幻片","v":"11"},
{"n":"悬疑片","v":"12"}
]
}
]
}
}